target,kernel,correlation_method,kernel_objective_spearman_correlation,kernel_objective_spearman_p_value,kernel_condition_number,kernel_log_abs_determinant,surrogate_normalized_mse_mean,surrogate_normalized_mse_std,surrogate_r2_mean,surrogate_r2_std,surrogate_nlpd_mean,surrogate_nlpd_std
target_len_5,noisy_hierarchical_tree_kernel,spearman,0.05319104078678729,0.00018109435027699317,17678.703642686163,-715.9239818957034,1.323623997365396,1.3596277680187987,-0.0963179217718289,0.14887363000279485,1.5809127641761134,0.6804943638648805
target_len_5,noisy_hierarchical_wl_kernel,spearman,0.05278999543288595,0.00020259518847226478,70173.90648129524,-742.449634133686,1.2864465598119532,1.3108509425397314,-0.08450835495305893,0.15806057949869656,1.599350459143642,0.7057884269616772
target_len_5,noisy_hierarchical_damg_kernel,spearman,0.04913411072621665,0.0005439859564516519,604.6831551079255,-469.5406555971932,1.5956879076355475,1.5524576575093145,-0.6988468024385198,0.717306121432068,1.6024450716010659,0.758966201300435
target_len_5,noisy_combined_hierarchical_kernel,spearman,0.10758909026333043,3.206713091179232e-14,1177.096114146067,-470.06061798715086,1.2596766192047686,1.280696242620055,-0.07464390964243575,0.16252137770470113,1.5986593760255126,0.7019258781459626
target_len_5,noisy_hybrid_kernel,spearman,0.19378186236804643,4.377287383598171e-43,684.8702605634353,-485.48880801670776,1.1470510160818082,1.1839096503813824,-0.12479390292584717,0.6104193520944103,1.9404916123572094,1.3860708809466886
target_len_5,noisy_hierarchical_damg_kernel_13,spearman,0.12098605537677654,1.326453983815302e-17,380.19393897304883,-492.01005812999153,1.2804293339656754,1.308776036882369,-0.08123663539776442,0.15766419698525422,1.591791369110241,0.6928462644488955
target_len_5,tree_kernel_1,spearman,0.08638604888201368,1.145838387517907e-09,14707.96487270084,-366.63058399724775,1.3018729349572087,0.9762600851407202,-1.1056508958339635,1.3713051631216526,33.6663372553859,26.369757158398645
target_len_5,tree_kernel_2,spearman,0.07225229374449774,3.6039867676384e-07,26215.555771309013,-inf,1.7574950454759073,1.507128626447458,-1.4128892236354436,1.5374835597125784,92.75894723150613,75.24491775266026
target_len_5,tree_kernel_3,spearman,0.01793595772088032,0.20706062183667173,18113.724899483706,-inf,1.6248123337965474,1.502334620109868,-1.089627208666571,1.52115142612719,64.15027836018854,51.238973591437926
target_len_5,wl_kernel_1,spearman,0.0986646995432665,3.478336190918575e-12,47015.04586157984,-362.69802901838443,1.6305027514566586,1.1114898255516927,-2.207472781392314,2.4079917443285295,47.261278258346756,31.683532407033496
target_len_5,wl_kernel_2,spearman,0.06480898342426734,5.034082972105032e-06,1828125366.8191743,-inf,1.8175079065791184,1.5220097298882709,-1.6774602943419534,1.7335800871435108,211.83147212473713,177.2221941978441
target_len_5,wl_kernel_3,spearman,0.010765629054232735,0.4488942340933505,2201484.8473975654,-inf,2.1594510238516924,1.7387563985292072,-2.373475227356171,1.9883593171472276,258.4453262178148,223.11343917320644
target_len_5,damg_kernel_1,spearman,0.3461630210012239,2.3652339406476903e-139,103.61784460095625,-48.617419258393724,1.3553306659426179,1.1753444161985591,-0.6767062025860042,0.8242953860472921,2.0142679844057643,1.2570987525185313
target_len_5,damg_kernel_2,spearman,-0.061000409475781,1.749495031617665e-05,4148982531790537.0,-inf,1.898684556771536,1.9855491752064092,-0.6621927512462119,0.3298017518584294,184.6666228415816,111.9167777367554
target_len_5,damg_kernel_3,spearman,-0.07033054912038258,7.30490620246154e-07,7291547612750834.0,-inf,1.3820550596892887,1.3850615058733842,-0.27244852808866804,0.32191837101235743,7041.505447385473,8518.253109866948
target_len_5,operator_histogram_kernel,spearman,0.1533177651420275,2.0309881635932783e-27,740997085081.0314,-inf,1.3054948409240894,1.3439477186748225,-0.05814773583068804,0.09801869895729089,2.3449108908706378,1.0605634624338225
target_len_5_refined_1,noisy_hierarchical_tree_kernel,spearman,-0.04077360350673914,0.004115819384460605,14725.819932137005,-723.6115364349289,3.6786690101078996,6.991484252734617,-0.07619153739140401,0.13032220467717734,4.225795769612132,6.431588802957782
target_len_5_refined_1,noisy_hierarchical_wl_kernel,spearman,-0.03989942764944674,0.004991488793506361,71929.64033888647,-747.121566878574,3.64680877908782,6.9277644391393025,-0.07458542739981995,0.13263182101534457,4.671968707695937,7.323936731311183
target_len_5_refined_1,noisy_hierarchical_damg_kernel,spearman,0.12009632140588021,2.2891794958953288e-17,579.3956547348462,-467.088796707875,3.650375686023313,7.1045296317066455,0.33411622142327385,0.19946153557086854,5.181741848945983,8.581460472817431
target_len_5_refined_1,noisy_combined_hierarchical_kernel,spearman,0.07800705265158428,3.901100056026374e-08,1187.4397292773378,-469.7836489309817,3.6437735775439366,7.1017039277118235,0.3596565132923213,0.2079670529427948,5.200492481539855,8.615619943557144
target_len_5_refined_1,noisy_hybrid_kernel,spearman,0.19422164764202218,2.8165619632396594e-43,686.9249660317689,-485.05882150414425,3.74379322030749,7.044641032331364,-0.18718233666142192,0.36069161562701824,5.300993890732304,8.544034411271733
target_len_5_refined_1,noisy_hierarchical_damg_kernel_13,spearman,0.19121647394717783,5.610055683792851e-42,378.4044562326763,-490.6975019354409,3.650175700604245,7.104629095948329,0.3356292778610105,0.197755017277545,5.18221411070966,8.581566024256842
target_len_5_refined_1,tree_kernel_1,spearman,-0.021201291182738228,0.13584759872814292,15961.944855020703,-377.570113548781,3.744423540803795,7.011907510405735,-0.30161591835862966,0.5520850331835135,102.19570109767344,191.61637034667953
target_len_5_refined_1,tree_kernel_2,spearman,-0.03556673289389279,0.012331920522390483,24899.7255452867,-429.5827039072103,4.52252434152321,8.325628238816638,-1.0564650722834463,1.4482650613839454,205.96713741082493,376.06692155271696
target_len_5_refined_1,tree_kernel_3,spearman,-0.04934594702680572,0.0005146100351729197,21617.172336571613,-377.6313207056773,4.599981675590963,8.391887746092575,-1.3025447374291805,1.6884007131590217,174.87038206474082,322.25046533818227
target_len_5_refined_1,wl_kernel_1,spearman,-0.01906773356045781,0.17981752249037955,50230.92661336154,-371.7340721218583,3.7881475778657454,6.708326527714321,-1.2354289522840312,0.740333536518898,127.62850901150337,226.72852789176721
target_len_5_refined_1,wl_kernel_2,spearman,-0.037758717261733105,0.007887740718852268,33405977.535953727,-656.7624171105381,5.102860034000207,8.708961495605617,-2.983628517439445,1.8985449382275281,953.6785893386608,1645.0065303774402
target_len_5_refined_1,wl_kernel_3,spearman,-0.0494104025070856,0.0005059694513891345,5207492.092176231,-809.8209868010323,5.1050613183430045,8.048459798501092,-4.901955902690527,4.489696140668782,991.0579846293538,1662.5247939429933
target_len_5_refined_1,damg_kernel_1,spearman,0.4068420003003689,1.0649298460348369e-196,110.32360125745278,-49.639147422527095,3.703105038929242,7.078940505359879,0.02092857353973825,0.2881462869210832,4.111324347175271,6.7016565580688
target_len_5_refined_1,damg_kernel_2,spearman,-0.017361934484478175,0.2219709726170511,13006.790151836683,-inf,6.089233499210468,8.279811357689256,-10.647322702724386,18.676050144621676,1519.3339086098565,2407.116081130176
target_len_5_refined_1,damg_kernel_3,spearman,-0.02566691216776482,0.07097010119299932,7597311273538918.0,-inf,4.094638092785358,7.525411161086301,-0.8253490967695924,0.8862432474453993,6052.447759048341,10631.452472574802
target_len_5_refined_1,operator_histogram_kernel,spearman,0.04488058951183028,0.0015862502751639153,3915842728.5806913,-1453.273441750537,4.296224496068872,8.25799409923593,-0.03434006301350416,0.15545384232133014,9.428286216765061,5.624875114225403
target_len_5_refined_2,noisy_hierarchical_tree_kernel,spearman,0.03253433957363213,0.02207810262386743,13244.721989971706,-721.1690061589458,1.2252801306364371,1.158241791331478,-0.14578968432218256,0.10371397999371154,2.0192429991365244,1.5537790892888257
target_len_5_refined_2,noisy_hierarchical_wl_kernel,spearman,0.03188221111339447,0.024889330628679898,64904.97986564502,-753.89086439973,1.219514815159401,1.1467439614807806,-0.14373271268295923,0.10148025009028284,2.3563950275074736,2.227901101751554
target_len_5_refined_2,noisy_hierarchical_damg_kernel,spearman,0.11880075703232867,5.03067913551506e-17,460.4095088973475,-456.6482812769698,0.9444579295061828,1.2696223311736932,0.3332512228669213,0.33340482093224616,1.706644828315783,1.4513291321473056
target_len_5_refined_2,noisy_combined_hierarchical_kernel,spearman,0.12946780229706098,5.958642199975645e-20,1081.9663923638782,-463.7668575313089,0.944457680548528,1.269622226406251,0.3332513241464548,0.33340519269440416,1.7066430776537949,1.4513061722765206
target_len_5_refined_2,noisy_hybrid_kernel,spearman,0.1793145512649146,4.824981529207932e-37,597.0978709600341,-477.98498540812597,0.9444577487563306,1.2696224410928676,0.33325151220550175,0.3334051156723761,1.706635082748734,1.4513104639399912
target_len_5_refined_2,noisy_hierarchical_damg_kernel_13,spearman,0.20659644493463653,7.42390497025836e-49,308.53759058641776,-482.63686730773117,0.9444605536689906,1.2696207944301872,0.3332459932310375,0.3334006337314071,1.7066358449782535,1.4513007797591553
target_len_5_refined_2,tree_kernel_1,spearman,0.05223681391629323,0.00023620798633989956,17414.376409157623,-391.57185734668303,1.0363949635431633,1.257547555776741,0.16981056459270086,0.3484489635068858,40.966856928389454,55.08762609726861
target_len_5_refined_2,tree_kernel_2,spearman,0.038948449550216147,0.006132448546441635,33387.67109287514,-442.0966499236775,1.5255801830755655,1.3314879407586921,-0.4997616307335294,0.1942347689651501,101.86080006264027,104.17640837141059
target_len_5_refined_2,tree_kernel_3,spearman,0.014418187960608581,0.3104844851886283,10304.6234411253,-348.1993330865519,1.431216856246141,1.1958571926539023,-0.44797830667738425,0.2842741344107102,33.622155294483235,30.06195104640224
target_len_5_refined_2,wl_kernel_1,spearman,0.05495690717717403,0.00010950323719096762,59517.76710112232,-390.7877533277748,1.122278454044365,1.1596774340267246,-0.017468680869070097,0.25371471388055195,53.33617050053815,62.89283188045496
target_len_5_refined_2,wl_kernel_2,spearman,0.03961336626896273,0.005312669713784778,48951276.69569362,-572.5478271759738,1.7322499136397063,1.2675986250232096,-0.8644359049570097,0.4808466330551137,317.107033513911,281.87693332668533
target_len_5_refined_2,wl_kernel_3,spearman,0.010265262758368882,0.47025643677401985,2838732.6437499034,-849.9975182170082,1.7995920600377928,1.1796913741299577,-0.9964898190019248,0.45881272654910055,248.6715399129117,192.82798523969714
target_len_5_refined_2,damg_kernel_1,spearman,0.3510520442831932,1.5799676352359782e-143,93.16583064861354,-47.711458658132166,0.9246230759909905,1.2818653935595143,0.3626003953396786,0.3742722763131828,1.4622716237990527,1.1905361780388601
target_len_5_refined_2,damg_kernel_2,spearman,-0.035612149567225,0.01222096812678049,18065.399830097445,-inf,2.645489231980036,1.046555620471204,-2.2754364052355536,0.9825303785085829,145.26183305278101,71.50045801425591
target_len_5_refined_2,damg_kernel_3,spearman,-0.016803468903527376,0.23720026539884345,3526131220220577.0,-inf,1.478620164090731,1.1474306318276848,-0.5585369254441748,0.369337847100211,1078.1160572920935,565.6078084845036
target_len_5_refined_2,operator_histogram_kernel,spearman,0.006368779813579118,0.6541714158114462,33763411965.555817,-1133.6869351988914,1.4450092527260665,1.3199246888566993,-0.41037108972131475,0.2808652627977826,102.67399914088917,55.36619302604194
target_len_5_refined_3,noisy_hierarchical_tree_kernel,spearman,0.009442556413976755,0.5065688702606158,15297.607673676548,-737.091570395199,1.3417372595642523,1.5503579037650712,-0.10555218102867503,0.10416316431622318,1.589974780334011,0.7759480341686126
target_len_5_refined_3,noisy_hierarchical_wl_kernel,spearman,0.017470838036363207,0.21908464222994997,102795.72535641596,-777.5817269802546,1.341737260298827,1.5503579012485953,-0.10555218425564372,0.10416316211656503,1.5899784164076922,0.7759548942812796
target_len_5_refined_3,noisy_hierarchical_damg_kernel,spearman,0.07752349537108101,4.731838097137725e-08,440.7261497076978,-453.1629564371991,1.1878236381867497,1.4605600199156217,0.10245596847336955,0.09461853581237796,1.666712965335078,1.0702623688417676
target_len_5_refined_3,noisy_combined_hierarchical_kernel,spearman,0.09153305497038436,1.104986856452228e-10,1103.5028070568314,-462.6693011904262,1.1881887906365234,1.4602377559629334,0.10139128202158187,0.09325012052986903,1.666549445292746,1.0703189749180204
target_len_5_refined_3,noisy_hybrid_kernel,spearman,0.16361967130502403,4.800750900262594e-31,592.5016593883495,-474.6849753224713,1.3255631685640772,1.3472797982716302,-0.2237889652450744,0.2484254028018657,1.778409899673693,0.9297599747256556
target_len_5_refined_3,noisy_hierarchical_damg_kernel_13,spearman,0.13738051283699756,2.7548618610826168e-22,300.8054963471178,-479.05208348394234,1.1878190625596026,1.4605629159643312,0.1024688230617661,0.09462327641065889,1.666712150756546,1.0702695511430715
target_len_5_refined_3,tree_kernel_1,spearman,0.002232791427463011,0.8752043998381873,20617.300553432404,-409.6285871865394,1.2223091537836397,1.3487390298164315,-0.030496078284399042,0.2578650311619052,54.16878039566039,65.12242438848251
target_len_5_refined_3,tree_kernel_2,spearman,-0.009299545497760554,0.513028104752995,43866.91635888871,-466.0669734908938,1.552449070130835,1.4956048009285894,-0.5746101984548366,0.6594117167954514,131.28966349159577,142.12409611467228
target_len_5_refined_3,tree_kernel_3,spearman,0.018260568304407546,0.19895745293703135,10706.313009263647,-360.75321506559015,1.5851325013781719,1.6040409704515386,-0.5003995020446984,0.35092034375634795,44.13432641974997,48.671269011531336
target_len_5_refined_3,wl_kernel_1,spearman,0.018211799640495022,0.20015983757176545,111603.19957040291,-418.77598576524224,1.2594772766783964,1.06556403386697,-0.2907833999338626,0.40950151890650793,66.2706079948313,56.474880223537596
target_len_5_refined_3,wl_kernel_2,spearman,-0.0023823171031345366,0.8669225399855143,17383007.329335205,-1039.603602707921,1.503926524241175,1.3225161114057136,-0.6307572060475493,0.8097974335945967,450.98967099647143,471.604662791514
target_len_5_refined_3,wl_kernel_3,spearman,0.02329646577572722,0.10124239803847868,3996700.4491716935,-914.6804278843489,1.7341978075183893,1.008153108455809,-1.1425895571325946,0.781298884221668,229.86049294247155,119.6483242260284
target_len_5_refined_3,damg_kernel_1,spearman,0.23365196468692476,2.3189902391723865e-62,85.9043651375986,-47.37837663122341,1.1738889166982158,1.4562804913063596,0.13696931097362414,0.16673028937310272,1.7174205195527315,1.3702354413378444
target_len_5_refined_3,damg_kernel_2,spearman,-0.033514538551317856,0.018372521935593925,50034.57992014499,-inf,2.4483713315896405,1.0164621582881876,-2.6256350877024683,1.9480553741380842,68.75804332640489,30.322705895058483
target_len_5_refined_3,damg_kernel_3,spearman,-0.023185326179395744,0.10288197501807937,2648480583905538.5,-inf,2.260804394449778,2.021847281508994,-1.2258247031210885,0.52306536573765,1022.8175331948396,1010.1571564370239
target_len_5_refined_3,operator_histogram_kernel,spearman,0.10712420841295106,4.1340664252671735e-14,1693405735.983106,-968.072475332065,1.3431902859064138,1.542998845939968,-0.112468941939931,0.10396332739820494,7.9074352138363055,8.965164120532963
target_len_3,noisy_hierarchical_tree_kernel,spearman,0.04133511520287041,0.003629445322425526,58318.29740351246,-707.9302115529559,0.3454803837616628,0.37630361627900893,0.719419067922187,0.15879152030461374,0.9187243468525279,0.520400170783763
target_len_3,noisy_hierarchical_wl_kernel,spearman,0.039410282010191436,0.0055518889038061224,2100400.0703476393,-756.6293916387294,0.3903595686756211,0.329678184960252,0.6566233763434366,0.12098724255698907,1.1911437770401785,0.7531993769787344
target_len_3,noisy_hierarchical_damg_kernel,spearman,0.17150426837237284,5.496275493653973e-34,1512.2564483901506,-512.3565308599412,0.3324756871229789,0.4142128307397618,0.7454968384344142,0.18986767953981326,0.9579795721649169,0.7442734242804174
target_len_3,noisy_combined_hierarchical_kernel,spearman,0.15834317881790055,3.7085992180215756e-29,2597.5542446102168,-494.06199254840857,0.33247545187823696,0.41421293234127604,0.7454971218015932,0.1898677928179553,0.9579816765108058,0.7442725392898313
target_len_3,noisy_hybrid_kernel,spearman,0.27215225208664007,8.645995837819176e-85,1502.280265285332,-510.85926566976514,0.3334395733766255,0.41406972400422937,0.7445545704115208,0.19040514337315312,0.9400608878178291,0.7538382834672248
target_len_3,noisy_hierarchical_damg_kernel_13,spearman,0.2712072512438283,3.4196712704177345e-84,904.8862797941281,-520.5714431235793,0.332475659668489,0.41421284217703835,0.7454968723245186,0.18986769098530093,0.9579744332659554,0.7442597509889567
target_len_3,tree_kernel_1,spearman,0.054493708203362065,0.00012512865173987242,22195.840396507767,-331.361439125511,0.3482517893291478,0.37624083984069784,0.7163567256586926,0.15782003803474676,5.737635164755315,6.38570907737191
target_len_3,tree_kernel_2,spearman,0.021350871160782353,0.13310776083792378,9046.798651306506,-inf,1.5110466706863304,0.5762729450079859,-0.5438630523438073,0.2591789108067818,1549.9334604702724,1201.903144714745
target_len_3,tree_kernel_3,spearman,0.0341485871535154,0.01627631290164845,7244960596350072.0,-inf,1.5996851211768823,0.6123839172426964,-0.633576683090965,0.27213464975152263,1590.7412578488695,1235.1007663979192
target_len_3,wl_kernel_1,spearman,0.06541945463605728,4.096231691130123e-06,1026472.2331836615,-361.2781454303379,0.4333662887360907,0.301083379748764,0.5977824010599294,0.11075042067671732,14.662757452366955,12.232093814216048
target_len_3,wl_kernel_2,spearman,0.017460679169938875,0.21935274326045653,286694.17144676053,-inf,1.7601479903949415,0.6921168878243366,-0.8046123274239099,0.44772707191168915,964.8663737629898,667.1161614722982
target_len_3,wl_kernel_3,spearman,0.030197061664475847,0.03362839835179715,5549674006787298.0,-inf,1.9121695963806773,0.7662324276052213,-0.9488177341052453,0.434091748022425,1104.2984033510077,730.1076423717716
target_len_3,damg_kernel_1,spearman,0.5090138694863471,0.0,254.1859099285873,-67.63525977810033,0.33062901631913183,0.4150536759639578,0.7477277971095524,0.1908170496175007,0.8515985268935349,0.41795112033492926
target_len_3,damg_kernel_2,spearman,-0.025328249812089743,0.07477596206592282,8132452946427274.0,-inf,1.145184304608179,0.49838338430905477,-0.14461902525334716,0.07430834503512833,6355.554156755854,3467.1854518746704
target_len_3,damg_kernel_3,spearman,-0.014111142386275245,0.3209022198604889,8264935374194135.0,-inf,1.1553641443281242,0.46821438039460034,-0.1652925801410238,0.08982316635273262,11817.000587825749,5462.07303557861
target_len_3,operator_histogram_kernel,spearman,0.07500793787181824,1.2681702914030425e-07,26930120.847604066,-inf,1.3364540946314087,0.3814616401153888,-0.4230105125812207,0.370842021374217,1326.7281768030914,383.63410610320256
target_len_3_refined_1,noisy_hierarchical_tree_kernel,spearman,0.012252078710785659,0.388783943100125,33031.22131247612,-703.1760863552441,0.6036456698903068,0.31951547606732755,0.3397209912214634,0.2558290738796118,1.2550565451677456,0.38932078268099146
target_len_3_refined_1,noisy_hierarchical_wl_kernel,spearman,0.012932771441614225,0.36297580330039647,406072.11165944533,-753.1803473093039,0.629548479866805,0.3558897036168102,0.31630165826614787,0.27142148440280633,1.2650153763538845,0.45109366426607295
target_len_3_refined_1,noisy_hierarchical_damg_kernel,spearman,0.11358791082561959,1.0964294085508748e-15,1218.3677475352476,-511.7935233373676,0.48483666674397147,0.31488580923121295,0.4835789348268612,0.23690011149614007,1.105213987044875,0.4375179351771623
target_len_3_refined_1,noisy_combined_hierarchical_kernel,spearman,0.10441695442316899,1.7758937663336503e-13,2139.399809012358,-493.0101000024629,0.48483677840597517,0.314885768735368,0.4835787477928585,0.23690018174420954,1.1052218083828638,0.4375317865060282
target_len_3_refined_1,noisy_hybrid_kernel,spearman,0.1876151328241842,1.8947683380566376e-40,1183.7267396069687,-509.51183694194515,0.4272663603782652,0.3382981889255098,0.5747539410076131,0.22016265684951405,0.9855333512242682,0.5001155949937313
target_len_3_refined_1,noisy_hierarchical_damg_kernel_13,spearman,0.18198036255697217,4.049551826191455e-38,725.0872006551909,-519.8199505892402,0.4848367326263471,0.31488578018362406,0.48357882667096697,0.23690013348176758,1.1052158639474068,0.43751807660602887
target_len_3_refined_1,tree_kernel_1,spearman,0.017101845378687,0.2289741659346741,12266.153598573355,-330.8072366403441,0.6402674762829033,0.30539207534590485,0.2844591183758213,0.2863144627227996,12.431710845829414,6.299278494274825
target_len_3_refined_1,tree_kernel_2,spearman,-0.002622607404708111,0.8536443650913534,3723149992126254.0,-inf,1.313689505306265,0.644297307770532,-0.36941287608185935,0.48248518550038677,692.0401962747179,407.8399071943231
target_len_3_refined_1,tree_kernel_3,spearman,0.012797515899500529,0.3680167432355044,5361.9196591479185,-inf,1.3745621996634043,0.47533347127424846,-0.47274693003585055,0.33147608112562893,780.0240717894015,402.7226655415688
target_len_3_refined_1,wl_kernel_1,spearman,0.030219417701443596,0.03349717667112581,204244.25413104516,-359.6396525669738,0.6808859422760586,0.3496560218932643,0.25419221452907265,0.2693355845255454,20.091956908347612,8.68935004708698
target_len_3_refined_1,wl_kernel_2,spearman,-0.0014799263500746458,0.9170933170154517,5168753334484844.0,-inf,1.8024471674291278,0.7916569877686164,-0.9797398398269104,0.6800103871131474,597.6142676953164,229.39326171892856
target_len_3_refined_1,wl_kernel_3,spearman,0.010252794795288627,0.47079580509818586,4485510411289060.0,-inf,2.041956526345698,0.8661385201934862,-1.1849778726710387,0.5643193029873693,713.3651002730427,327.0569996067142
target_len_3_refined_1,damg_kernel_1,spearman,0.3825897052644522,2.6697874178336736e-172,206.87258882216332,-66.93949831846567,0.481037444324257,0.31584069662014985,0.489670785288604,0.2336562984409373,1.0474134835983047,0.3596794411247047
target_len_3_refined_1,damg_kernel_2,spearman,-0.0239189507708583,0.0924403370327435,7338757018757069.0,-inf,1.026676020723372,0.30158458232588825,-0.10406656761212199,0.14491634560133348,4985.705261646139,2429.735634710673
target_len_3_refined_1,damg_kernel_3,spearman,-0.033950825764310515,0.016906370113375473,8329105802221576.0,-inf,1.055334386057191,0.27331895416759006,-0.15237477338468103,0.2016577202188314,9984.09748385041,3624.7493233522923
target_len_3_refined_1,operator_histogram_kernel,spearman,0.05869577002046709,3.5941209214533014e-05,4247733114267797.0,-inf,1.3604075304077115,0.4641648572149073,-0.42990245777043246,0.13632102359098663,1212.8891741056038,691.8997687986961
target_len_3_refined_2,noisy_hierarchical_tree_kernel,spearman,-0.06745462807846593,2.0335046847788783e-06,24065.838023757653,-698.3897606167315,0.5807917986471416,0.4021057896903685,0.4477092921756471,0.1688688077442123,1.2350053281811542,0.5048956965282532
target_len_3_refined_2,noisy_hierarchical_wl_kernel,spearman,-0.05637935502291167,7.223721791560875e-05,300825.940405125,-759.9388760672758,0.6546654724838609,0.3734199305417794,0.34323639247591486,0.18309966029047806,1.4003308537081627,0.6474730614080615
target_len_3_refined_2,noisy_hierarchical_damg_kernel,spearman,0.24650313500103557,2.0251245438199795e-69,11194.409253922411,-520.3567918620735,0.5535855355583291,0.49055406423362374,0.5255879325351216,0.21145182498860038,1.1968333791773031,0.611261334505648
target_len_3_refined_2,noisy_combined_hierarchical_kernel,spearman,0.06408596506437848,6.4114096559269955e-06,5880.385541868888,-496.5605482095514,0.5589644361787693,0.48698568835626443,0.516139807321175,0.20822690650047726,1.1912726221272503,0.6150756687926636
target_len_3_refined_2,noisy_hybrid_kernel,spearman,0.2586697957249631,1.704101779081405e-76,11518.408978081861,-513.9094852467088,0.3847259228583894,0.3319544763727355,0.6662707760633302,0.13362441552375187,0.9049452826501264,0.4619603902443029
target_len_3_refined_2,noisy_hierarchical_damg_kernel_13,spearman,0.26454707697034346,4.731581274560324e-80,7059.779685917925,-523.0258546728157,0.5535855454589286,0.4905540831590502,0.5255879245098811,0.21145182541956647,1.1968333205491837,0.6112621203797886
target_len_3_refined_2,tree_kernel_1,spearman,-0.04670491015881674,0.001012804415771251,9192.517189402854,-326.6062319148345,0.5806500543783181,0.4028824303220831,0.45156345655581076,0.15903260407357953,10.336107359781876,8.229080310181308
target_len_3_refined_2,tree_kernel_2,spearman,-0.06914427531387599,1.1197693773578393e-06,6848.953814063804,-inf,1.198819849706579,0.4964078951964003,-0.25968369558232124,0.2759707141332343,424.22350519339005,230.72618614928314
target_len_3_refined_2,tree_kernel_3,spearman,-0.07266791160619403,3.0860146122800296e-07,3436.0784255235435,-inf,1.2283118733470624,0.540302255979255,-0.27594267798216265,0.27860034470459055,418.6683312142665,227.84531188302714
target_len_3_refined_2,wl_kernel_1,spearman,-0.026783847543058237,0.059528084447942345,143178.44495329662,-361.0279288814436,0.656956155164721,0.44653257495919824,0.3906206058644676,0.20701441715564917,20.114382747903967,15.906562577381157
target_len_3_refined_2,wl_kernel_2,spearman,-0.06373082388633369,7.2134723257898175e-06,258879.1170564738,-inf,1.2557674592304038,0.3282422190226893,-0.4005572381510841,0.3043775523140969,452.5723990080636,177.39868591296442
target_len_3_refined_2,wl_kernel_3,spearman,-0.0657595306298749,3.648949800974916e-06,33750.4238785076,-inf,1.4112109211279522,0.38999765996784735,-0.5910390908548739,0.449590491560381,543.855672228233,199.41394824722576
target_len_3_refined_2,damg_kernel_1,spearman,0.4391674931348114,1.5575677678773215e-232,161.83443749199978,-137.5216118421505,0.5617478469051638,0.4924844843238919,0.5178435996436153,0.21495816507807558,1.10748397214517,0.5983548923652511
target_len_3_refined_2,damg_kernel_2,spearman,0.01814840527799767,0.20173073362167906,8255988802218777.0,-inf,1.0766240625874515,0.4412851536304585,-0.13403456438415445,0.19677921809303878,7647.367145735681,2314.332660845006
target_len_3_refined_2,damg_kernel_3,spearman,0.0364468706353051,0.01033338043309238,7652787997029129.0,-inf,1.0734133017694734,0.44542301632671644,-0.12831980672789237,0.1982438305194325,7702.304591660797,2320.6705746476155
target_len_3_refined_2,operator_histogram_kernel,spearman,0.08183205479090441,8.136168458671917e-09,7048483339937132.0,-inf,1.2745561664380456,0.5099243671791536,-0.3786565026069615,0.3115637343826166,1331.2557908596832,692.7275322683255
target_len_3_refined_3,noisy_hierarchical_tree_kernel,spearman,-0.017274386915229378,0.2243109589764326,31108.980913705196,-724.0894320935627,0.2726330280789912,0.08771876334126343,0.7020851973083995,0.09916487987344358,0.8044570680095857,0.12134224703709151
target_len_3_refined_3,noisy_hierarchical_wl_kernel,spearman,-0.018956796872061407,0.18236388606249038,349348.42431001115,-791.5189525479002,0.28766011791670143,0.08320446990954798,0.6845561577016103,0.10389884512235711,0.8262111331290682,0.15711861865616444
target_len_3_refined_3,noisy_hierarchical_damg_kernel,spearman,0.21892428150211568,8.748443079501083e-55,1216.1554105119794,-511.75195183932203,0.21143961054187793,0.08428836307802012,0.7707703768523965,0.09044365288706598,0.6812087466933553,0.14353458687248882
target_len_3_refined_3,noisy_combined_hierarchical_kernel,spearman,0.09801396750319223,4.8193877875920845e-12,2107.385629093362,-496.3927728812302,0.21143961247059267,0.08428836497584012,0.7707703744447658,0.09044365381214609,0.6812096728569776,0.14353383454464141
target_len_3_refined_3,noisy_hybrid_kernel,spearman,0.18352911316736836,9.430362021640938e-39,1219.198276483721,-508.35628181264076,0.21143961138794856,0.08428836341717674,0.7707703756064888,0.09044365316961993,0.6812098028617385,0.14353356222360275
target_len_3_refined_3,noisy_hierarchical_damg_kernel_13,spearman,0.24820113516906614,2.1985079466533998e-70,702.167229273495,-515.9170563918004,0.21143962322335472,0.08428834858130076,0.7707703587608747,0.09044363412206216,0.6812099396504581,0.1435348169215563
target_len_3_refined_3,tree_kernel_1,spearman,0.011097834706932314,0.43502089250978093,13891.304455337397,-359.1262298911179,0.2780836850593532,0.08972993192598493,0.696351016420104,0.10119133942752236,6.299280655762518,2.1103464243189882
target_len_3_refined_3,tree_kernel_2,spearman,-0.013892575980655356,0.32845546669075776,11352.205413518192,-inf,1.6502218589489897,0.5693862205580253,-0.7526394355462901,0.3510204973796507,722.3920213380131,298.89947399251133
target_len_3_refined_3,tree_kernel_3,spearman,-0.0298273359467917,0.03586312046913746,5939807373065100.0,-inf,1.5323666898165247,0.4947000887155716,-0.6152595508491142,0.22926815303717035,927.0518774554632,535.105765269108
target_len_3_refined_3,wl_kernel_1,spearman,0.007265909687913587,0.6092952506875471,293515.37304080155,-405.2801511134667,0.278554970190496,0.0750810650980461,0.692531821030049,0.09938364495278182,12.452478265314802,3.8245838497544757
target_len_3_refined_3,wl_kernel_2,spearman,-0.018938382077680775,0.1827891406211317,7666341652441409.0,-inf,1.700083497059938,0.6160709214353659,-0.8089502593643936,0.4743796144970737,907.428365827712,446.8953540891288
target_len_3_refined_3,wl_kernel_3,spearman,-0.03126493773225092,0.027830635302283784,6543096689143996.0,-inf,1.7768358086786065,0.9198228067605924,-0.8761474001303083,0.8451964781726659,792.94600927395,385.67346488913637
target_len_3_refined_3,damg_kernel_1,spearman,0.3951517089568277,1.1072218059866395e-184,202.57997948028267,-64.58976343248298,0.21153150583579966,0.08430578518557377,0.7706806730744369,0.09044354042663248,0.7454632098277871,0.10540550727949541
target_len_3_refined_3,damg_kernel_2,spearman,0.0019864212896909274,0.8888796692082442,8354117379439031.0,-inf,1.1409621485465777,0.3791260420135179,-0.2025703333557992,0.1963676962417782,5090.153159941436,1636.7961830234337
target_len_3_refined_3,damg_kernel_3,spearman,-0.009712040247757217,0.4945145034380566,7967338017923018.0,-inf,1.1543149284357486,0.3608109348460492,-0.22414693617641973,0.1921024865158815,5644.823129006305,1658.0768433566666
target_len_3_refined_3,operator_histogram_kernel,spearman,-0.011122743824488553,0.43399072260746996,8748900512948197.0,-inf,1.3932605893624461,0.2801401079671464,-0.5243027064336807,0.23727468565900348,1162.880273247482,224.44649720024015
target_len_4,noisy_hierarchical_tree_kernel,spearman,0.012840617446520876,0.3664056494358767,27160.72810815981,-705.3144042749512,2.7568837231289463,4.969258615578834,-0.36554037469955025,0.6188384397822558,2.502731851856433,2.895973252656861
target_len_4,noisy_hierarchical_wl_kernel,spearman,0.0207695467378509,0.14400016214646857,143325.7253586927,-736.107475382398,3.02413837282522,5.503648866753078,-0.38630599205080796,0.6073985512940341,2.432020731417178,2.7545780319321618
target_len_4,noisy_hierarchical_damg_kernel,spearman,0.11096912110370648,4.894667756573107e-15,803.858571553484,-486.18441344769224,2.908708980894515,5.272838553214731,-0.37733711752388793,0.6120200503887404,2.9839273431157003,3.858232876664161
target_len_4,noisy_combined_hierarchical_kernel,spearman,0.10081348568023442,1.1673143076356276e-12,1465.9160767234696,-478.15966706672606,2.937461750054692,5.330331618563803,-0.37957123506845464,0.6108229038143645,2.9704816600016795,3.8313489257324918
target_len_4,noisy_hybrid_kernel,spearman,0.1932230012050664,7.653653972041976e-43,846.0361607836605,-495.0144636394107,2.4681293073556048,4.542951286496331,-0.13970455150086364,0.591902183534175,2.8268051190066084,3.980056855352205
target_len_4,noisy_hierarchical_damg_kernel_13,spearman,0.17320051566386258,1.225700140437384e-34,496.3031318074858,-502.7868513620971,2.9087085716789263,5.272837720650013,-0.3773371290799733,0.6120201150839474,2.9839318681532796,3.8582421774099203
target_len_4,tree_kernel_1,spearman,0.039161019773284254,0.005858762124539359,12609.700085392347,-350.3916626761292,2.751610422558102,4.910269951457489,-0.4424659258621773,0.4201938173849221,50.76278405487257,89.15654849828053
target_len_4,tree_kernel_2,spearman,0.024101748649841485,0.08997561730294126,17942.227417940474,-inf,3.027332558135043,5.07812746362919,-1.194600640150433,0.8034279416897363,258.0987788435881,260.4972457223759
target_len_4,tree_kernel_3,spearman,-0.01184448716531912,0.40475884073982593,11846.463591626474,-inf,3.1306163583328632,5.188993246966726,-1.4631878140354075,0.9082271133301142,252.92877509253822,253.03583737902898
target_len_4,wl_kernel_1,spearman,0.050639672367007664,0.00036496246402646014,74931.3816999644,-352.59212184033146,3.0324893498386065,4.513705688869191,-3.1789368220871452,2.7832369052704036,75.8945249829679,109.23531276568959
target_len_4,wl_kernel_2,spearman,0.028304987140002437,0.04644479842612462,5218409709267491.0,-inf,3.1339171276035396,4.794615940902315,-2.5964573651590612,2.1919202463225145,509.61592736291425,700.4418637001187
target_len_4,wl_kernel_3,spearman,-0.0076753195398705995,0.5892810561531516,5615840571758009.0,-inf,3.432233004963308,5.065224211171492,-3.6859510173965333,3.003040581710774,692.7835942661513,975.7498653852646
target_len_4,damg_kernel_1,spearman,0.4011005143436539,9.764974479921028e-191,136.1589456132825,-55.692676784317534,2.9205109755036807,5.358920689277022,-0.10698376255284159,0.13714864640410307,3.4624185870392727,5.26704967119975
target_len_4,damg_kernel_2,spearman,0.0006210477834795413,0.965156649017632,5042709772980292.0,-inf,3.141647411172668,5.52054741215055,-1.0036537596023383,0.8854862658313482,14874.839895574416,27708.342024929578
target_len_4,damg_kernel_3,spearman,-0.01619938986909136,0.2544884053359133,8042479116216542.0,-inf,3.0772936909843738,5.447182180390087,-0.8606893490167309,0.8164975381393138,30265.67435550932,56081.373275413636
target_len_4,operator_histogram_kernel,spearman,0.055549534303397013,9.2185974315861e-05,1871778338.130366,-inf,3.141600499968999,5.615456495916551,-0.7170009027135898,0.6431179252026448,149.45300224847085,177.4626461096364
target_len_4_refined_1,noisy_hierarchical_tree_kernel,spearman,0.06319533855129718,8.606602905710843e-06,22080.407417557057,-703.9747113472245,0.20251598719524838,0.11756971098675958,0.7978094842780078,0.06542012970257674,0.6496448016671685,0.16163139211740463
target_len_4_refined_1,noisy_hierarchical_wl_kernel,spearman,0.06797273266017224,1.696014378305797e-06,137567.1473911803,-740.1708878412899,0.26621783266295695,0.11371872772753558,0.7276957916690939,0.07778392912825484,0.7469734790564214,0.2028826539652932
target_len_4_refined_1,noisy_hierarchical_damg_kernel,spearman,0.1479842108266362,1.2290686590356178e-25,925.0191830772786,-486.6893266820172,0.14471615287358183,0.12102856962740478,0.8646310474516403,0.07405830261622962,0.5384644160176584,0.20540217084218054
target_len_4_refined_1,noisy_combined_hierarchical_kernel,spearman,0.19401146762759944,3.4776915589611284e-43,1726.210095785493,-478.98325695600016,0.14471616341248444,0.12102856323100111,0.8646310310434897,0.07405829862925342,0.5384735829626287,0.20539542131950234
target_len_4_refined_1,noisy_hybrid_kernel,spearman,0.22539449099840267,4.7877233117930085e-58,971.6695440394034,-496.5582969801016,0.14471614758453916,0.12102858374111429,0.8646310562106345,0.07405831447170878,0.5384755544977574,0.2053981895166852
target_len_4_refined_1,noisy_hierarchical_damg_kernel_13,spearman,0.2520068946393403,1.4245657460988e-72,556.3253887133565,-503.28857578126156,0.14471614793565243,0.12102857888118575,0.8646310546604645,0.07405831167074636,0.5384746035702938,0.20539665608670582
target_len_4_refined_1,tree_kernel_1,spearman,0.09320429669787343,5.0263667453671323e-11,12693.249633226555,-351.62444594139214,0.2113197329439783,0.12432043058329915,0.7888629597204003,0.07073772584016523,3.874820549573532,2.8238004362036926
target_len_4_refined_1,tree_kernel_2,spearman,0.07268734082874816,3.0636484434020125e-07,19692.909435322268,-inf,0.9800445510486343,0.2632292559864043,-0.0841245015413874,0.4383228726262396,98.54398550023022,72.07814111296325
target_len_4_refined_1,tree_kernel_3,spearman,0.030484346966800403,0.031975187637635724,12041.465035912719,-inf,0.9671320472361339,0.226716182989665,-0.06978351179832368,0.40327971783079525,89.14534721306796,69.39635910202307
target_len_4_refined_1,wl_kernel_1,spearman,0.09715219150566418,7.398216803024888e-12,74763.72698169439,-357.8352752136796,0.2503274602312804,0.1127616388897553,0.7458420417356442,0.06639939399279517,6.17877574592747,3.48979292754196
target_len_4_refined_1,wl_kernel_2,spearman,0.07436897523219234,1.621024612321705e-07,3003804.4229296567,-inf,1.9581511431363623,0.34422054239167404,-1.1380725619833278,0.5899829568063651,286.7907792344025,86.13986599522
target_len_4_refined_1,wl_kernel_3,spearman,0.0324245790332351,0.022530995936510242,6751650433260408.0,-inf,1.707610281147479,0.1825949386879459,-0.8851082951377881,0.4824645133588765,282.57259650076475,73.02281518206563
target_len_4_refined_1,damg_kernel_1,spearman,0.5008731344295568,0.0,146.07970005747006,-55.1240171868513,0.14474641770455318,0.12103945595748926,0.8646011589567957,0.07405868789427043,0.7184812624872221,0.10895311790801858
target_len_4_refined_1,damg_kernel_2,spearman,-0.030842196811386936,0.03001373737203205,7251488802761279.0,-inf,1.4895837715830882,0.5131735176287713,-0.5204922532811307,0.13018655136940357,2844.979638577457,854.6229317178113
target_len_4_refined_1,damg_kernel_3,spearman,0.00026049594953617855,0.9853812699676565,8452998752255453.0,-inf,1.1609262824035624,0.4564069488182897,-0.17289984792928398,0.16422449255185984,8013.727499119215,2756.918563650485
target_len_4_refined_1,operator_histogram_kernel,spearman,0.0011415207124911382,0.936004349647422,110702623843.91254,-inf,1.365123274670935,0.29449083475543,-0.47197588415794395,0.35346310359365374,671.0302405376668,123.07639421629254
