experiment_id,method,target_name,kernel_name,seed,evaluation,kendall_tau,spearman_rho
target_len_5_noisy_hierarchical_damg_kernel_13_42,bo,target_len_5,noisy_hierarchical_damg_kernel_13,42,1,,
target_len_5_noisy_hierarchical_damg_kernel_13_42,bo,target_len_5,noisy_hierarchical_damg_kernel_13,42,2,,
target_len_5_noisy_hierarchical_damg_kernel_13_42,bo,target_len_5,noisy_hierarchical_damg_kernel_13,42,3,,
target_len_5_noisy_hierarchical_damg_kernel_13_42,bo,target_len_5,noisy_hierarchical_damg_kernel_13,42,4,,
target_len_5_noisy_hierarchical_damg_kernel_13_42,bo,target_len_5,noisy_hierarchical_damg_kernel_13,42,5,,
target_len_5_noisy_hierarchical_damg_kernel_13_42,bo,target_len_5,noisy_hierarchical_damg_kernel_13,42,6,,
target_len_5_noisy_hierarchical_damg_kernel_13_42,bo,target_len_5,noisy_hierarchical_damg_kernel_13,42,7,,
target_len_5_noisy_hierarchical_damg_kernel_13_42,bo,target_len_5,noisy_hierarchical_damg_kernel_13,42,8,,
target_len_5_noisy_hierarchical_damg_kernel_13_42,bo,target_len_5,noisy_hierarchical_damg_kernel_13,42,9,,
target_len_5_noisy_hierarchical_damg_kernel_13_42,bo,target_len_5,noisy_hierarchical_damg_kernel_13,42,10,,
target_len_5_noisy_hierarchical_damg_kernel_13_42,bo,target_len_5,noisy_hierarchical_damg_kernel_13,42,11,,
target_len_5_noisy_hierarchical_damg_kernel_13_42,bo,target_len_5,noisy_hierarchical_damg_kernel_13,42,12,,
target_len_5_noisy_hierarchical_damg_kernel_13_42,bo,target_len_5,noisy_hierarchical_damg_kernel_13,42,13,0.07661138700425897,0.11918947708495319
target_len_5_noisy_hierarchical_damg_kernel_13_42,bo,target_len_5,noisy_hierarchical_damg_kernel_13,42,14,0.10078855055589889,0.15852975301289823
target_len_5_noisy_hierarchical_damg_kernel_13_42,bo,target_len_5,noisy_hierarchical_damg_kernel_13,42,15,0.10310552872959772,0.1630640822974031
target_len_5_noisy_hierarchical_damg_kernel_13_42,bo,target_len_5,noisy_hierarchical_damg_kernel_13,42,16,0.13413288862086895,0.20684492553126527
target_len_5_noisy_hierarchical_damg_kernel_13_42,bo,target_len_5,noisy_hierarchical_damg_kernel_13,42,17,0.13332698316914762,0.2065223843249233
target_len_5_noisy_hierarchical_damg_kernel_13_42,bo,target_len_5,noisy_hierarchical_damg_kernel_13,42,18,0.15891448126129987,0.24501580206226353
target_len_5_noisy_hierarchical_damg_kernel_13_42,bo,target_len_5,noisy_hierarchical_damg_kernel_13,42,19,0.16284327033844134,0.25132860855662137
target_len_5_noisy_hierarchical_damg_kernel_13_42,bo,target_len_5,noisy_hierarchical_damg_kernel_13,42,20,0.15951891035009086,0.24741460852245323
target_len_5_noisy_hierarchical_damg_kernel_13_42,bo,target_len_5,noisy_hierarchical_damg_kernel_13,42,21,0.17180896848884114,0.26843304373851795
target_len_5_noisy_hierarchical_damg_kernel_13_42,bo,target_len_5,noisy_hierarchical_damg_kernel_13,42,22,0.14380375404152493,0.22337253702088983
target_len_5_noisy_hierarchical_damg_kernel_13_42,bo,target_len_5,noisy_hierarchical_damg_kernel_13,42,23,0.13161443408423978,0.2051639607791436
target_len_5_noisy_hierarchical_damg_kernel_13_42,bo,target_len_5,noisy_hierarchical_damg_kernel_13,42,24,0.21492491015593232,0.345086086569426
target_len_5_noisy_hierarchical_damg_kernel_13_42,bo,target_len_5,noisy_hierarchical_damg_kernel_13,42,25,0.18671821934568575,0.2927541508883586
target_len_5_noisy_hierarchical_damg_kernel_13_42,bo,target_len_5,noisy_hierarchical_damg_kernel_13,42,26,0.1562952885432055,0.24255773803160638
target_len_5_noisy_hierarchical_damg_kernel_13_42,bo,target_len_5,noisy_hierarchical_damg_kernel_13,42,27,0.15619455036174038,0.2407807610134108
target_len_5_noisy_hierarchical_damg_kernel_13_42,bo,target_len_5,noisy_hierarchical_damg_kernel_13,42,28,0.1539783103695067,0.23654271958124334
target_len_5_noisy_hierarchical_damg_kernel_13_42,bo,target_len_5,noisy_hierarchical_damg_kernel_13,42,29,0.13685281952042844,0.2125096492296244
target_len_5_noisy_hierarchical_damg_kernel_13_42,bo,target_len_5,noisy_hierarchical_damg_kernel_13,42,30,0.15780636126518302,0.24316381546119775
target_len_5_noisy_hierarchical_damg_kernel_13_42,bo,target_len_5,noisy_hierarchical_damg_kernel_13,42,31,0.1310100049954488,0.2034454912355868
target_len_5_noisy_hierarchical_damg_kernel_13_42,bo,target_len_5,noisy_hierarchical_damg_kernel_13,42,32,0.19457579749996873,0.305662550004495
target_len_5_noisy_hierarchical_damg_kernel_13_42,bo,target_len_5,noisy_hierarchical_damg_kernel_13,42,33,0.2703309099617738,0.41944308606867653
target_len_5_noisy_hierarchical_damg_kernel_13_42,bo,target_len_5,noisy_hierarchical_damg_kernel_13,42,34,0.27466265176477594,0.4232445717285393
target_len_5_noisy_hierarchical_damg_kernel_13_42,bo,target_len_5,noisy_hierarchical_damg_kernel_13,42,35,0.27546855721649727,0.4252810819034658
target_len_5_noisy_hierarchical_damg_kernel_13_42,bo,target_len_5,noisy_hierarchical_damg_kernel_13,42,36,0.27637520084968376,0.4253493406238777
target_len_5_noisy_hierarchical_damg_kernel_13_42,bo,target_len_5,noisy_hierarchical_damg_kernel_13,42,37,0.2772818444828703,0.42844123562978825
target_len_5_noisy_hierarchical_damg_kernel_13_42,bo,target_len_5,noisy_hierarchical_damg_kernel_13,42,38,0.2794980844751039,0.43041323756344635
target_len_5_noisy_hierarchical_damg_kernel_13_42,bo,target_len_5,noisy_hierarchical_damg_kernel_13,42,39,0.2783899644789871,0.43021071168969677
target_len_5_noisy_hierarchical_damg_kernel_13_42,bo,target_len_5,noisy_hierarchical_damg_kernel_13,42,40,0.27244641177254225,0.42165736895500544
target_len_5_noisy_hierarchical_damg_kernel_13_42,bo,target_len_5,noisy_hierarchical_damg_kernel_13,42,41,0.2792966081121736,0.42877052769858853
target_len_5_noisy_hierarchical_damg_kernel_13_42,bo,target_len_5,noisy_hierarchical_damg_kernel_13,42,42,0.27325231722426363,0.4226527461196933
target_len_5_noisy_hierarchical_damg_kernel_13_42,bo,target_len_5,noisy_hierarchical_damg_kernel_13,42,43,0.27325231722426363,0.42257848663265174
target_len_5_noisy_hierarchical_damg_kernel_13_42,bo,target_len_5,noisy_hierarchical_damg_kernel_13,42,44,0.2742596990389153,0.42392790902848704
target_len_5_noisy_hierarchical_damg_kernel_13_42,bo,target_len_5,noisy_hierarchical_damg_kernel_13,42,45,0.27939734629363877,0.4309638079017138
target_len_5_noisy_hierarchical_damg_kernel_13_42,bo,target_len_5,noisy_hierarchical_damg_kernel_13,42,46,0.2799010372009646,0.4303224759681734
target_len_5_noisy_hierarchical_damg_kernel_13_42,bo,target_len_5,noisy_hierarchical_damg_kernel_13,42,47,0.2810091571970814,0.43265002332463637
target_len_5_noisy_hierarchical_damg_kernel_13_42,bo,target_len_5,noisy_hierarchical_damg_kernel_13,42,48,0.2804047281082904,0.4315001264192359
target_len_5_noisy_hierarchical_damg_kernel_13_42,bo,target_len_5,noisy_hierarchical_damg_kernel_13,42,49,0.2789943935677781,0.42970814748446634
target_len_5_noisy_hierarchical_damg_kernel_13_42,bo,target_len_5,noisy_hierarchical_damg_kernel_13,42,50,0.27798701175312646,0.4280924410694418
target_len_5_noisy_hierarchical_damg_kernel_13_42,bo,target_len_5,noisy_hierarchical_damg_kernel_13,42,51,0.2786921790233826,0.4295701298519851
target_len_5_noisy_hierarchical_damg_kernel_13_42,bo,target_len_5,noisy_hierarchical_damg_kernel_13,42,52,0.2807069426526859,0.4317731613008835
target_len_5_noisy_hierarchical_damg_kernel_13_42,bo,target_len_5,noisy_hierarchical_damg_kernel_13,42,53,0.28231875355612857,0.4332185959627927
target_len_5_noisy_hierarchical_damg_kernel_13_42,bo,target_len_5,noisy_hierarchical_damg_kernel_13,42,54,0.2889674735328296,0.44080506517428686
target_len_5_noisy_hierarchical_damg_kernel_13_42,bo,target_len_5,noisy_hierarchical_damg_kernel_13,42,55,0.2882623062625734,0.4401652334324039
target_len_5_noisy_hierarchical_damg_kernel_13_42,bo,target_len_5,noisy_hierarchical_damg_kernel_13,42,56,0.28977337898455086,0.4422069942781313
target_len_5_noisy_hierarchical_damg_kernel_13_42,bo,target_len_5,noisy_hierarchical_damg_kernel_13,42,57,0.28977337898455086,0.44202472099175666
target_len_5_noisy_hierarchical_damg_kernel_13_42,bo,target_len_5,noisy_hierarchical_damg_kernel_13,42,58,0.2926947862470407,0.44439952438542785
target_len_5_noisy_hierarchical_damg_kernel_13_42,bo,target_len_5,noisy_hierarchical_damg_kernel_13,42,59,0.29057928443627223,0.4423480122939273
target_len_5_noisy_hierarchical_damg_kernel_13_42,bo,target_len_5,noisy_hierarchical_damg_kernel_13,42,60,0.2920903571582497,0.44506335919382933
target_len_5_noisy_hierarchical_damg_kernel_13_42,bo,target_len_5,noisy_hierarchical_damg_kernel_13,42,61,0.30448115347846516,0.46303415505787704
target_len_5_noisy_hierarchical_damg_kernel_13_42,bo,target_len_5,noisy_hierarchical_damg_kernel_13,42,62,0.30367524802674384,0.45864384417248294
target_len_5_noisy_hierarchical_damg_kernel_13_42,bo,target_len_5,noisy_hierarchical_damg_kernel_13,42,63,0.3020634371233012,0.4563440503616819
target_len_5_noisy_hierarchical_damg_kernel_13_42,bo,target_len_5,noisy_hierarchical_damg_kernel_13,42,64,0.30004867349399783,0.4537359671652843
target_len_5_noisy_hierarchical_damg_kernel_13_42,bo,target_len_5,noisy_hierarchical_damg_kernel_13,42,65,0.294709549876344,0.448122249983277
target_len_5_noisy_hierarchical_damg_kernel_13_42,bo,target_len_5,noisy_hierarchical_damg_kernel_13,42,66,0.29279552442850587,0.4459694749549016
target_len_5_noisy_hierarchical_damg_kernel_13_42,bo,target_len_5,noisy_hierarchical_damg_kernel_13,42,67,0.28403130264103643,0.43381567224243966
target_len_5_noisy_hierarchical_damg_kernel_13_42,bo,target_len_5,noisy_hierarchical_damg_kernel_13,42,68,0.28292318264491956,0.4326267703539466
target_len_5_noisy_hierarchical_damg_kernel_13_42,bo,target_len_5,noisy_hierarchical_damg_kernel_13,42,69,0.28010251356389493,0.42878928009430617
target_len_5_noisy_hierarchical_damg_kernel_13_42,bo,target_len_5,noisy_hierarchical_damg_kernel_13,42,70,0.31193577890688745,0.4619412654354578
target_len_5_noisy_hierarchical_damg_kernel_13_42,bo,target_len_5,noisy_hierarchical_damg_kernel_13,42,71,0.3221103352348693,0.4709581673922872
target_len_5_noisy_hierarchical_damg_kernel_13_42,bo,target_len_5,noisy_hierarchical_damg_kernel_13,42,72,0.33530703700680603,0.4843278754430755
target_len_5_noisy_hierarchical_damg_kernel_13_42,bo,target_len_5,noisy_hierarchical_damg_kernel_13,42,73,0.34084763698739023,0.48966555736012046
target_len_5_noisy_hierarchical_damg_kernel_13_42,bo,target_len_5,noisy_hierarchical_damg_kernel_13,42,74,0.34004173153566886,0.48819987011083626
target_len_5_noisy_hierarchical_damg_kernel_13_42,bo,target_len_5,noisy_hierarchical_damg_kernel_13,42,75,0.34004173153566886,0.4876650517849716
target_len_5_noisy_hierarchical_damg_kernel_13_42,bo,target_len_5,noisy_hierarchical_damg_kernel_13,42,76,0.3382284442692959,0.48555728250631836
target_len_5_noisy_hierarchical_damg_kernel_13_42,bo,target_len_5,noisy_hierarchical_damg_kernel_13,42,77,0.34517937879039234,0.4951405068138179
target_len_5_noisy_hierarchical_damg_kernel_13_42,bo,target_len_5,noisy_hierarchical_damg_kernel_13,42,78,0.34336609152401937,0.4920928674618008
target_len_5_noisy_hierarchical_damg_kernel_13_42,bo,target_len_5,noisy_hierarchical_damg_kernel_13,42,79,0.34094837516885534,0.4886859322078353
target_len_5_noisy_hierarchical_damg_kernel_13_42,bo,target_len_5,noisy_hierarchical_damg_kernel_13,42,80,0.3372210624546442,0.4824616370212643
target_len_5_noisy_hierarchical_damg_kernel_13_42,bo,target_len_5,noisy_hierarchical_damg_kernel_13,42,81,0.33067308065940837,0.4734919911016433
target_len_5_noisy_hierarchical_damg_kernel_13_42,bo,target_len_5,noisy_hierarchical_damg_kernel_13,42,82,0.3294642224818264,0.47118394623672655
target_len_5_noisy_hierarchical_damg_kernel_13_42,bo,target_len_5,noisy_hierarchical_damg_kernel_13,42,83,0.33067308065940837,0.473739522725115
target_len_5_noisy_hierarchical_damg_kernel_13_42,bo,target_len_5,noisy_hierarchical_damg_kernel_13,42,84,0.33027012793354776,0.47173751695830873
target_len_5_noisy_hierarchical_damg_kernel_13_42,bo,target_len_5,noisy_hierarchical_damg_kernel_13,42,85,0.33006865157061743,0.4727869010226632
target_len_5_noisy_hierarchical_damg_kernel_13_42,bo,target_len_5,noisy_hierarchical_damg_kernel_13,42,86,0.32966569884475677,0.47303518274196366
target_len_5_noisy_hierarchical_damg_kernel_13_42,bo,target_len_5,noisy_hierarchical_damg_kernel_13,42,87,0.3307738188408736,0.47368551582544843
target_len_5_noisy_hierarchical_damg_kernel_13_42,bo,target_len_5,noisy_hierarchical_damg_kernel_13,42,88,0.33067308065940837,0.4729616733507508
target_len_5_noisy_hierarchical_damg_kernel_13_42,bo,target_len_5,noisy_hierarchical_damg_kernel_13,42,89,0.33349374974043305,0.476608639269901
target_len_5_noisy_hierarchical_damg_kernel_13_42,bo,target_len_5,noisy_hierarchical_damg_kernel_13,42,90,0.3311767715667342,0.4737702766540918
target_len_5_noisy_hierarchical_damg_kernel_13_42,bo,target_len_5,noisy_hierarchical_damg_kernel_13,42,91,0.3335944879218982,0.47650962662051227
target_len_5_noisy_hierarchical_damg_kernel_13_42,bo,target_len_5,noisy_hierarchical_damg_kernel_13,42,92,0.3327885824701769,0.47460063273646513
target_len_5_noisy_hierarchical_damg_kernel_13_42,bo,target_len_5,noisy_hierarchical_damg_kernel_13,42,93,0.33570998973266675,0.4810199528384987
target_len_5_noisy_hierarchical_damg_kernel_13_42,bo,target_len_5,noisy_hierarchical_damg_kernel_13,42,94,0.3355085133697364,0.47995406666591284
target_len_5_noisy_hierarchical_damg_kernel_13_42,bo,target_len_5,noisy_hierarchical_damg_kernel_13,42,95,0.33399744064775894,0.47823334683486995
target_len_5_noisy_hierarchical_damg_kernel_13_42,bo,target_len_5,noisy_hierarchical_damg_kernel_13,42,96,0.3321841533813859,0.47331871896521305
target_len_5_noisy_hierarchical_damg_kernel_13_42,bo,target_len_5,noisy_hierarchical_damg_kernel_13,42,97,0.33147898611112975,0.47196029541943335
target_len_5_noisy_hierarchical_damg_kernel_13_42,bo,target_len_5,noisy_hierarchical_damg_kernel_13,42,98,0.33349374974043305,0.4742555886552621
target_len_5_noisy_hierarchical_damg_kernel_13_42,bo,target_len_5,noisy_hierarchical_damg_kernel_13,42,99,0.3373218006361094,0.4786158957075081
target_len_5_noisy_hierarchical_damg_kernel_13_42,bo,target_len_5,noisy_hierarchical_damg_kernel_13,42,100,0.33701958609171384,0.47809682939404613
